block_pathway,common_name,scientific_name,trunks,circumference_cm,dbh_cm,adjusted_dbh_cm,height_m,density,agb_stem_calculated_kg,agb_foliage_calculated_kg,agb_total_kg,bgb_calculated_kg,total_biomass_calculated_kg,carbon_stock_kg,co2e_kg
Outer road,False Ashoka,Polyalthia longifolia,1,8,2.5465,2.5465,8.0,520,0.17727692880533186,0.007091077152213274,0.18436800595754513,0.03687360119150903,0.22124160714905416,0.10398355536005545,0.3812730363202033
Outer road,Mango,Mangifera indica,1,8,2.5465,2.5465,9.0,520,0.19887357517996126,0.007954943007198451,0.20682851818715972,0.041365703637431944,0.24819422182459167,0.11665128425755808,0.4277213756110463
Outer road,False Ashoka,Polyalthia longifolia,1,8,2.5465,2.5465,12.0,520,0.2633402770383245,0.010533611081532982,0.2738738881198575,0.05477477762397151,0.328648665743829,0.15446487289959962,0.5663712006318653
Outer road,False Ashoka,Polyalthia longifolia,1,8,2.5465,2.5465,11.0,520,0.24189987986944697,0.00967599519477788,0.25157587506422485,0.05031517501284497,0.30189105007706984,0.14188879353622283,0.5202589096328171
BW Block D-Mess,Guava,Psidium guajava,3,8,2.5465,3.3514,9.0,670,0.4353579012183628,0.017414316048734512,0.4527722172670973,0.09055444345341947,0.5433266607205168,0.2553635305386429,0.9363329453083573
BW Block C-D,Guava,Psidium guajava,4,8,2.5465,3.6013,11.0,670,0.6093571171650238,0.024374284686600953,0.6337314018516248,0.12674628037032495,0.7604776822219498,0.35742451064431635,1.3105565390291598
BW Block B-C,Coromandel Ailanto,Ailanthus excelsa,2,10,3.1831,3.7854,6.0,540,0.30114883291807526,0.01204595331672301,0.3131947862347983,0.06263895724695966,0.37583374348175796,0.17664185943642624,0.6476868179335629
Mess front,Bamboo,Bambusa sp.,37,10,3.1831,3.1831,16.0,600,0.6198342058196379,0.024793368232785516,0.6446275740524234,0.1289255148104847,0.7735530888629081,0.3635699517655668,1.3330898231404116
Outer road,Mango,Mangifera indica,1,10,3.1831,3.1831,11.0,520,0.37393605328050167,0.014957442131220067,0.38889349541172175,0.07777869908234436,0.4666721944940661,0.21933593141221105,0.8042317485114405
BW Block A-B,Mango,Mangifera indica,10,10,3.1831,5.6604,11.0,520,1.1502471636880236,0.046009886547520945,1.1962570502355445,0.23925141004710893,1.4355084602826533,0.6746889763328471,2.473859579887106
Outer road,False Ashoka,Polyalthia longifolia,1,10,3.1831,3.1831,10.0,520,0.34072035474363965,0.013628814189745587,0.35434916893338525,0.07086983378667705,0.4252190027200623,0.19985293127842926,0.7327940813542406
Outer road,False Ashoka,Polyalthia longifolia,1,10,3.1831,3.1831,13.0,520,0.4401561669789596,0.017606246679158385,0.457762413658118,0.0915524827316236,0.5493148963897416,0.25817800130317853,0.9466526714449879
Outer road,False Ashoka,Polyalthia longifolia,1,10,3.1831,3.1831,13.0,520,0.4401561669789596,0.017606246679158385,0.457762413658118,0.0915524827316236,0.5493148963897416,0.25817800130317853,0.9466526714449879
BW Block B-C,Guava,Psidium guajava,2,10,3.1831,3.7854,12.0,670,0.7311713369590216,0.029246853478360865,0.7604181904373825,0.1520836380874765,0.912501828524859,0.42887585940668366,1.5725448178245067
BW Block B-C,guava,Psidium guajava,5,10,3.1831,4.7598,12.0,670,1.1433998194961226,0.04573599277984491,1.1891358122759674,0.2378271624551935,1.426962974731161,0.6706725981236457,2.459132859786701
BW Block A-B,Coromandel Ailanto,Ailanthus excelsa,2,12,3.8197,4.5424,5.5,540,0.39486297302634654,0.015794518921053862,0.4106574919474004,0.08213149838948008,0.4927889903368805,0.23161082545833384,0.849239693347224
BW Block A-B,Coromandel Ailanto,Ailanthus excelsa,3,12,3.8197,5.027,6.0,540,0.5239163335276248,0.020956653341104994,0.5448729868687298,0.10897459737374596,0.6538475842424757,0.30730836459396355,1.126797336844533
Outer road,mango,Mangifera indica,1,12,3.8197,3.8197,12.0,520,0.5810805365637491,0.023243221462549965,0.6043237580262991,0.12086475160525983,0.7251885096315589,0.34083859952683265,1.2497415315983864
BW Block C-D,Mango,Mangifera indica,2,12,3.8197,4.5424,11.0,520,0.7486083047376733,0.02994433218950693,0.7785526369271802,0.15571052738543606,0.9342631643126162,0.4391036872269296,1.6100468531654084
Outer road,False Ashoka,Polyalthia longifolia,1,12,3.8197,3.8197,14.0,520,0.6754238555186822,0.02701695422074729,0.7024408097394295,0.1404881619478859,0.8429289716873154,0.3961766166930382,1.4526475945411401
Outer road,False Ashoka,Polyalthia longifolia,1,12,3.8197,3.8197,9.0,520,0.43882981013612676,0.017553192405445072,0.4563830025415718,0.09127660050831438,0.5476596030498861,0.2574000134334465,0.9438000492559704
BW Block F - E,Guava,Psidium guajava,5,12,3.8197,5.7118,9.0,670,1.2326098714139577,0.04930439485655831,1.281914266270516,0.2563828532541032,1.5382971195246193,0.7229996461765711,2.6509987026474273
Outer road,False Ashoka,Polyalthia longifolia,1,14,4.4563,4.4563,11.0,520,0.7211600434783674,0.028846401739134695,0.750006445217502,0.1500012890435004,0.9000077342610024,0.42300363510267114,1.551013328709794
Outer road,False Ashoka,Polyalthia longifolia,1,14,4.4563,4.4563,10.0,520,0.6571014045991705,0.02628405618396682,0.6833854607831373,0.13667709215662746,0.8200625529397648,0.38542939988168945,1.413241132899528
BW Block F - E,Guava,Psidium guajava,3,14,4.4563,5.8649,8.0,670,1.1569766993875397,0.04627906797550159,1.2032557673630413,0.24065115347260826,1.4439069208356496,0.6786362527927553,2.4883329269067693
BW Block H - G,Guava,Psidium guajava,4,14,4.4563,6.3022,12.0,670,1.9776694545598343,0.07910677818239338,2.056776232742228,0.4113552465484456,2.4681314792906734,1.1600217952666165,4.253413249310927
Outer road,mango,Mangifera indica,1,15,4.7746,4.7746,11.0,520,0.8251228232278665,0.03300491292911466,0.8581277361569811,0.17162554723139622,1.0297532833883773,0.48398404319253735,1.774608158372637
BW Block A-B,Jamun,Syzygium cumini,3,15,4.7746,6.2838,12.0,560,1.650659552644117,0.06602638210576468,1.7166859347498817,0.3433371869499764,2.0600231216998584,0.9682108671989333,3.5501065130627554
BW Block C-D,Sagwan/Teek,Tectona grandis,1,15,4.7746,4.7746,11.0,550,0.871552035667799,0.03486208142671196,0.906414117094511,0.18128282341890223,1.0876969405134131,0.5112175620413042,1.8744643941514487
BW Block E-Mess,Neem,Azadirachta indica,2,16,5.093,6.0566,9.0,690,1.4222739759190342,0.05689095903676137,1.4791649349557956,0.2958329869911591,1.7749979219469547,0.8342490233150687,3.058913085488585
Mess front,Bamboo,Bambusa sp.,30,16,5.093,5.093,14.0,600,1.361834284092627,0.05447337136370508,1.416307655456332,0.28326153109126645,1.6995691865475986,0.7987975176773713,2.9289242314836947
BW Block A-B,Sagwan/Teek,Tectona grandis,1,16,5.093,5.093,8.0,550,0.7244985028769296,0.028979940115077187,0.7534784429920068,0.15069568859840138,0.9041741315904082,0.4249618418474918,1.5581934201074699
BW Block C-D,Neem,Azadirachta indica,2,18,5.7296,6.8137,9.0,690,1.7899302093469716,0.07159720837387887,1.8615274177208505,0.37230548354417015,2.2338329012650204,1.0499014635945596,3.8496386998467185
Outer road,gulmohar,Delonix regia,1,18,5.7296,5.7296,8.0,400,0.6681901723788899,0.026727606895155596,0.6949177792740455,0.13898355585480912,0.8339013351288547,0.39193362751056166,1.437089967538726
BW Block C-D,Mango,Mangifera indica,2,18,5.7296,6.8137,12.0,520,1.798369198608705,0.0719347679443482,1.8703039665530532,0.37406079331061065,2.244364759863664,1.054851437135922,3.8677886028317143
BW Block C-D,Mango,Mangifera indica,2,18,5.7296,6.8137,11.0,520,1.6519512244647983,0.06607804897859193,1.7180292734433902,0.34360585468867805,2.0616351281320684,0.9689685102220721,3.552884537480931
Outer road,Sapodilla,Manilkara zapota,1,18,5.7296,5.7296,8.0,820,1.346393022230655,0.0538557208892262,1.4002487431198813,0.2800497486239763,1.6802984917438577,0.7897402911196131,2.8957144007719147
Mess front,mulberry,Morus alba,3,18,5.7296,7.5405,8.0,550,1.5585113094600016,0.062340452378400066,1.6208517618384017,0.3241703523676804,1.9450221142060822,0.9141603936768585,3.3519214434818143
BW Block A-B,Mulberry,Morus alba,4,18,5.7296,8.1028,6.0,550,1.354379659133905,0.054175186365356204,1.4085548454992611,0.2817109690998522,1.6902658145991134,0.7944249328615832,2.9128914204924716
Outer road,False Ashoka,Polyalthia longifolia,1,18,5.7296,5.7296,13.0,520,1.3864419172344578,0.05545767668937831,1.4418995939238362,0.28837991878476726,1.7302795127086035,0.8132313709730435,2.9818483602344927
Outer road,False Ashoka,Polyalthia longifolia,1,18,5.7296,5.7296,8.0,520,0.8631947607256729,0.03452779042902692,0.8977225511546998,0.17954451023093998,1.0772670613856397,0.5063155188512506,1.8564902357879187
BW Block A-B,Guava,Psidium guajava,6,18,5.7296,8.9673,12.0,670,3.9367750968516657,0.15747100387406662,4.094246100725733,0.8188492201451466,4.913095320870879,2.309154800809313,8.466900936300814
BW Block A-B,Guava,Psidium guajava,6,18,5.7296,8.9673,10.0,670,3.2950325462944905,0.13180130185177963,3.42683384814627,0.685366769629254,4.112200617775524,1.932734290354496,7.086692397966485
Outer road,Neem,Azadirachta indica,1,19,6.0479,6.0479,8.0,690,1.2642698656446811,0.050570794625787244,1.3148406602704683,0.2629681320540937,1.577808792324562,0.7415701323925441,2.7190904854393283
BW Block C-D,Neem,Azadirachta indica,2,19,6.0479,7.1922,10.0,690,2.204580308468309,0.08818321233873237,2.2927635208070414,0.4585527041614083,2.7513162249684497,1.2931186257351712,4.741434961028961
BW Block F - E,Mango,Mangifera indica,2,19,6.0479,7.1922,11.0,520,1.8358100180278116,0.07343240072111247,1.909242418748924,0.38184848374978486,2.291090902498709,1.0768127241743932,3.948313321972775
Outer road,False Ashoka,Polyalthia longifolia,1,19,6.0479,6.0479,8.0,520,0.9592732572418774,0.038370930289675094,0.9976441875315525,0.1995288375063105,1.197173025037863,0.5626713217677956,2.06312817981525
Outer road,Sagwan/Teek,Tectona grandis,1,19,6.0479,6.0479,9.0,550,1.136689689754619,0.04546758759018476,1.1821572773448037,0.23643145546896074,1.4185887328137645,0.6667367044224692,2.4447012495490537
Outer road,False Ashoka,Polyalthia longifolia,1,22,7.0028,7.0028,14.0,520,2.2050868221746978,0.08820347288698792,2.2932902950616856,0.45865805901233714,2.7519483540740226,1.2934157264147905,4.742524330187565
Outer road,False Ashoka,Polyalthia longifolia,1,22,7.0028,7.0028,12.0,520,1.8970799200080726,0.0758831968003229,1.9729631168083954,0.3945926233616791,2.3675557401700744,1.112751197879935,4.080087725559761
Outer road,False Ashoka,Polyalthia longifolia,1,22,7.0028,7.0028,14.0,520,2.2050868221746978,0.08820347288698792,2.2932902950616856,0.45865805901233714,2.7519483540740226,1.2934157264147905,4.742524330187565
Outer road,False Ashoka,Polyalthia longifolia,1,22,7.0028,7.0028,12.0,520,1.8970799200080726,0.0758831968003229,1.9729631168083954,0.3945926233616791,2.3675557401700744,1.112751197879935,4.080087725559761
BW Block C-D,Sagwan/Teek,Tectona grandis,1,22,7.0028,7.0028,9.0,550,1.513282959998624,0.06053131839994496,1.573814278398569,0.3147628556797138,1.8885771340782826,0.8876312530167928,3.2546479277282403
BW Block D-Mess,Coromandel Ailanto,Ailanthus excelsa,2,23,7.3211,8.7063,6.0,540,1.5306018569075523,0.061224074276302096,1.5918259311838545,0.3183651862367709,1.9101911174206254,0.8977898251876939,3.291896025688211
Outer road,False Ashoka,Polyalthia longifolia,1,23,7.3211,7.3211,14.0,520,2.4049624735467865,0.09619849894187146,2.501160972488658,0.5002321944977316,3.00139316698639,1.4106547884836032,5.172400891106545
Outer road,False Ashoka,Polyalthia longifolia,1,23,7.3211,7.3211,10.0,520,1.73175855323526,0.0692703421294104,1.8010288953646703,0.36020577907293405,2.1612346744376043,1.015780296985674,3.7245277556141376
Outer road,False Ashoka,Polyalthia longifolia,1,23,7.3211,7.3211,11.0,520,1.900581957067926,0.07602327828271704,1.9766052353506431,0.39532104707012866,2.371926282420772,1.1148053527377626,4.08761962670513
Outer road,False Ashoka,Polyalthia longifolia,1,23,7.3211,7.3211,10.0,520,1.73175855323526,0.0692703421294104,1.8010288953646703,0.36020577907293405,2.1612346744376043,1.015780296985674,3.7245277556141376
Outer road,False Ashoka,Polyalthia longifolia,1,23,7.3211,7.3211,12.0,520,2.0690369064194147,0.08276147625677659,2.1517983826761915,0.4303596765352383,2.5821580592114297,1.2136142878293719,4.449919055374363
Outer road,False Ashoka,Polyalthia longifolia,1,23,7.3211,7.3211,14.0,520,2.4049624735467865,0.09619849894187146,2.501160972488658,0.5002321944977316,3.00139316698639,1.4106547884836032,5.172400891106545
BW Block E-Mess,Kathal,Artocarpus heterophyllus,3,24,7.6394,10.0541,10.0,520,3.2166829342475305,0.12866731736990122,3.3453502516174316,0.6690700503234863,4.014420301940918,1.8867775419122312,6.918184320344848
Mess front,Neem,Azadirachta indica,2,24,7.6394,9.0849,9.0,690,3.1384368995132808,0.12553747598053122,3.263974375493812,0.6527948750987624,3.9167692505925746,1.8408815477785099,6.7498990085212025
BW Block A-B,Mango,Mangifera indica,3,24,7.6394,10.0541,12.0,520,3.843166066524687,0.15372664266098748,3.9968927091856745,0.799378541837135,4.79627125102281,2.25424748798072,8.265574122595973
Outer road,False Ashoka,Polyalthia longifolia,1,24,7.6394,7.6394,13.0,520,2.43094255425503,0.0972377021702012,2.528180256425231,0.5056360512850463,3.0338163077102775,1.4258936646238303,5.228276770287377
Outer road,False Ashoka,Polyalthia longifolia,1,24,7.6394,7.6394,13.0,520,2.43094255425503,0.0972377021702012,2.528180256425231,0.5056360512850463,3.0338163077102775,1.4258936646238303,5.228276770287377
Outer road,False Ashoka,Polyalthia longifolia,1,24,7.6394,7.6394,10.0,520,1.8817675897445199,0.0752707035897808,1.9570382933343007,0.39140765866686017,2.348445952001161,1.1037695974405455,4.047155190615333
Outer road,False Ashoka,Polyalthia longifolia,1,24,7.6394,7.6394,10.0,520,1.8817675897445199,0.0752707035897808,1.9570382933343007,0.39140765866686017,2.348445952001161,1.1037695974405455,4.047155190615333
Outer road,False Ashoka,Polyalthia longifolia,1,24,7.6394,7.6394,8.0,520,1.513497861232924,0.06053991444931696,1.574037775682241,0.3148075551364482,1.8888453308186892,0.8877573054847839,3.2551101201108743
Mess front,Jamun,Syzygium cumini,1,24,7.6394,7.6394,11.0,560,2.2201253510915455,0.08880501404366183,2.3089303651352076,0.46178607302704155,2.770716438162249,1.3022367259362568,4.7748679950996085
BW Block C-D,Sagwan/Teek,Tectona grandis,1,24,7.6394,7.6394,8.0,550,1.5986615626218512,0.06394646250487405,1.6626080251267252,0.33252160502534506,1.9951296301520702,0.937710926171473,3.4382733959620677
BW Block H - G,Sagwan/Teek,Tectona grandis,1,24,7.6394,7.6394,9.0,550,1.7934174661301379,0.07173669864520552,1.8651541647753433,0.37303083295506867,2.238184997730412,1.0519469489332935,3.8571388127554096
Outer road,Coromandel Ailanto,Ailanthus excelsa,3,25,7.9577,10.473,8.0,540,2.906872579411474,0.11627490317645896,3.023147482587933,0.6046294965175867,3.6277769791055197,1.7050551801795941,6.251868993991845
BW Block F - E,Neem,Azadirachta indica,2,25,7.9577,9.4634,9.0,690,3.398729453134113,0.13594917812536453,3.534678631259477,0.7069357262518955,4.241614357511373,1.9935587480303452,7.309715409444599
Outer road,Neem,Azadirachta indica,3,25,7.9577,10.473,10.0,690,4.5910346536417865,0.18364138614567146,4.774676039787458,0.9549352079574916,5.72961124774495,2.6929172864401263,9.874030050280462
Outer road,False Ashoka,Polyalthia longifolia,1,25,7.9577,7.9577,13.0,520,2.6325726282332322,0.10530290512932929,2.7378755333625615,0.5475751066725123,3.285450640035074,1.5441618008164846,5.661926602993777
Outer road,False Ashoka,Polyalthia longifolia,1,25,7.9577,7.9577,12.0,520,2.4347397477016157,0.09738958990806464,2.5321293376096805,0.5064258675219361,3.0385552051316167,1.4281209464118598,5.236443470176819
BW Block A-B,waterberries,Syzygium genus,2,25,7.9577,9.4634,7.0,600,2.320333983604756,0.09281335934419024,2.4131473429489465,0.48262946858978933,2.895776811538736,1.3610151014232057,4.990388705218421
BW Block F - E,Neem,Azadirachta indica,2,26,8.2761,9.8419,11.0,690,4.4629409846027555,0.17851763938411022,4.641458623986866,0.9282917247973732,5.569750348784239,2.617782663928592,9.598536434404837
BW Block D-Mess,Mango,Mangifera indica,2,26,8.2761,9.8419,8.0,520,2.4816484615032817,0.09926593846013126,2.580914399963413,0.5161828799926826,3.0970972799560954,1.4556357215793647,5.337330979124337
Outer road,False Ashoka,Polyalthia longifolia,1,26,8.2761,8.2761,10.0,520,2.20003784591051,0.08800151383642041,2.2880393597469304,0.4576078719493861,2.7456472316963163,1.2904541988972686,4.731665395956652
Outer road,False Ashoka,Polyalthia longifolia,1,26,8.2761,8.2761,13.0,520,2.842096786947812,0.11368387147791248,2.9557806584257245,0.5911561316851449,3.5469367901108693,1.6670602913521084,6.112554401624397
Outer road,False Ashoka,Polyalthia longifolia,1,26,8.2761,8.2761,9.0,520,1.985047214742703,0.07940188858970812,2.0644491033324113,0.4128898206664823,2.4773389239988934,1.1643492942794798,4.269280745691425
Outer road,False Ashoka,Polyalthia longifolia,1,26,8.2761,8.2761,9.0,520,1.985047214742703,0.07940188858970812,2.0644491033324113,0.4128898206664823,2.4773389239988934,1.1643492942794798,4.269280745691425
Outer road,Neem,Azadirachta indica,1,28,8.9127,8.9127,9.0,690,3.023365111184063,0.12093460444736252,3.1442997156314254,0.6288599431262851,3.7731596587577103,1.7733850396161237,6.5024118119257865
BW Block D-Mess,Neem,Azadirachta indica,2,28,8.9127,10.599,12.0,690,5.614741190533603,0.22458964762134412,5.839330838154947,1.1678661676309894,7.007197005785936,3.29338259271939,12.07573617330443
BW Block C-D,Taad,Borassus flabellifer,1,28,8.9127,8.9127,17.0,790,6.418527166783578,0.25674108667134315,6.675268253454921,1.3350536506909843,8.010321904145906,3.7648512949485755,13.804454748144776
BW Block E-Mess,Mango,Mangifera indica,1,28,8.9127,8.9127,12.0,520,3.0376193796322672,0.1215047751852907,3.159124154817558,0.6318248309635117,3.79094898578107,1.7817460233171027,6.53306875216271
BW Hall office - Block H,Mango,Mangifera indica,1,28,8.9127,8.9127,9.0,520,2.293998597014799,0.09175994388059197,2.385758540895391,0.47715170817907826,2.8629102490744693,1.3455678170650005,4.933748662571668
BW Block H - G,Mango,Mangifera indica,2,28,8.9127,10.599,10.0,520,3.565754156277408,0.1426301662510963,3.7083843225285045,0.7416768645057009,4.450061187034206,2.0915287579060764,7.668938778988946
BW Block E-Mess,Mango,Mangifera indica,3,28,8.9127,11.7297,12.0,520,5.192341661037544,0.20769366644150175,5.400035327479046,1.0800070654958092,6.4800423929748545,3.0456199246981814,11.167273057226664
BW Block A-B,Mulberry,Morus alba,2,28,8.9127,10.599,7.0,550,2.6591436907595996,0.10636574763038398,2.7655094383899836,0.5531018876779967,3.3186113260679804,1.5597473232519508,5.719073518590486
BW Block A-B,Mulberry,Morus alba,2,28,8.9127,10.599,5.0,550,1.9147886428195147,0.07659154571278058,1.9913801885322953,0.3982760377064591,2.3896562262387544,1.1231384263322146,4.1181742298847865
BW Block F - E,Mulberry,Morus alba,3,28,8.9127,11.7297,6.0,550,2.7882563986331705,0.11153025594532683,2.8997866545784974,0.5799573309156995,3.479743985494197,1.6354796731822725,5.996758801668332
Outer road,False Ashoka,Polyalthia longifolia,1,28,8.9127,8.9127,8.0,520,2.04488215990749,0.0817952863962996,2.1266774463037894,0.4253354892607579,2.552012935564547,1.199446079715337,4.397968958956236
Outer road,False Ashoka,Polyalthia longifolia,1,28,8.9127,8.9127,14.0,520,3.530802468659881,0.14123209874639525,3.672034567406276,0.7344069134812553,4.406441480887532,2.0710274960171398,7.593767485396179
Outer road,False Ashoka,Polyalthia longifolia,1,28,8.9127,8.9127,8.0,520,2.04488215990749,0.0817952863962996,2.1266774463037894,0.4253354892607579,2.552012935564547,1.199446079715337,4.397968958956236
Outer road,False Ashoka,Polyalthia longifolia,1,28,8.9127,8.9127,15.0,520,3.7767438230242485,0.15106975292096994,3.9278135759452186,0.7855627151890437,4.713376291134263,2.2152868568331034,8.122718475054713
Outer road,False Ashoka,Polyalthia longifolia,1,28,8.9127,8.9127,11.0,520,2.7903052707551166,0.11161221083020467,2.901917481585321,0.5803834963170642,3.4823009779023852,1.636681459614121,6.001165351918443
Outer road,False Ashoka,Polyalthia longifolia,1,28,8.9127,8.9127,11.0,520,2.7903052707551166,0.11161221083020467,2.901917481585321,0.5803834963170642,3.4823009779023852,1.636681459614121,6.001165351918443
Outer road,False Ashoka,Polyalthia longifolia,1,28,8.9127,8.9127,11.0,520,2.7903052707551166,0.11161221083020467,2.901917481585321,0.5803834963170642,3.4823009779023852,1.636681459614121,6.001165351918443
Outer road,False Ashoka,Polyalthia longifolia,1,29,9.231,9.231,15.0,520,4.044501104362943,0.16178004417451772,4.20628114853746,0.8412562297074921,5.047537378244952,2.372342567775127,8.698589415175466
Outer road,False Ashoka,Polyalthia longifolia,1,29,9.231,9.231,8.0,520,2.1898568030000116,0.08759427212000047,2.277451075120012,0.45549021502400244,2.7329412901440144,1.2844824063676867,4.709768823348185
Mess front,Guava,Psidium guajava,4,29,9.231,13.0546,8.0,670,5.516331873703754,0.22065327494815015,5.736985148651904,1.1473970297303808,6.8843821783822845,3.2356596238396733,11.864085287412134
BW Block E-Mess,Neem,Azadirachta indica,1,30,9.5493,9.5493,9.0,690,3.4592098334054726,0.13836839333621892,3.5975782267416916,0.7195156453483383,4.31709387209003,2.029034119882314,7.439791772901818
BW Block D-Mess,Neem,Azadirachta indica,3,30,9.5493,12.5676,11.0,690,7.19236342517549,0.2876945370070196,7.480057962182509,1.4960115924365018,8.976069554619011,4.218752690670935,15.468759865793427
BW Block C-D,Sisam,Dalbergia sissoo,2,30,9.5493,11.3561,9.0,630,4.439351612963038,0.1775740645185215,4.616925677481559,0.9233851354963118,5.540310812977871,2.603946082099599,9.547802301031863
Outer road,Mango,Mangifera indica,1,30,9.5493,9.5493,11.0,520,3.1925523632900012,0.12770209453160006,3.3202544578216013,0.6640508915643203,3.9843053493859215,1.872623514211383,6.866286218775071
Outer road,False Ashoka,Polyalthia longifolia,1,30,9.5493,9.5493,11.0,520,3.1925523632900012,0.12770209453160006,3.3202544578216013,0.6640508915643203,3.9843053493859215,1.872623514211383,6.866286218775071
Outer road,False Ashoka,Polyalthia longifolia,1,30,9.5493,9.5493,13.0,520,3.757919566132991,0.15031678264531964,3.9082363487783107,0.7816472697556622,4.6898836185339725,2.204245300710967,8.082232769273546
Outer road,False Ashoka,Polyalthia longifolia,1,30,9.5493,9.5493,10.0,520,2.9089668252497827,0.11635867300999131,3.025325498259774,0.6050650996519549,3.630390597911729,1.7062835810185124,6.256373130401212
Outer road,False Ashoka,Polyalthia longifolia,1,30,9.5493,9.5493,8.0,520,2.3396699424559717,0.09358679769823887,2.4332567401542105,0.4866513480308421,2.9199080881850525,1.3723568014469747,5.031974938638907
Outer road,Jamun,Syzygium cumini,1,30,9.5493,9.5493,10.0,560,3.1271666035483054,0.12508666414193223,3.2522532676902376,0.6504506535380475,3.902703921228285,1.8342708429772938,6.7256597575834105
Outer road,jamun,Syzygium cumini,1,30,9.5493,9.5493,8.0,560,2.5151671183963598,0.1006066847358544,2.615773803132214,0.5231547606264428,3.1389285637586566,1.4752964249665685,5.409420224877418
Outer road,False Ashoka,Polyalthia longifolia,1,31,9.8676,9.8676,13.0,520,4.006304532103742,0.16025218128414967,4.166556713387891,0.8333113426775782,4.999868056065469,2.34993798635077,8.616439283286157
Outer road,False Ashoka,Polyalthia longifolia,1,31,9.8676,9.8676,14.0,520,4.306814924011131,0.17227259696044525,4.479087520971576,0.8958175041943153,5.374905025165891,2.5262053618279685,9.262752993369217
BW Block F - E,Jamun,Syzygium cumini,3,31,9.8676,12.9865,12.0,560,6.808698332736926,0.27234793330947704,7.081046266046402,1.4162092532092805,8.497255519255683,3.993710094050171,14.64360367818396
Outer road,Neem,Azadirachta indica,1,32,10.1859,10.1859,11.0,690,4.772499397753896,0.19089997591015587,4.9633993736640525,0.9926798747328105,5.956079248396863,2.7993572467465255,10.26430990473726
Outer road,Neem,Azadirachta indica,2,32,10.1859,12.1132,10.0,690,6.09892265703483,0.24395690628139322,6.342879563316223,1.2685759126632448,7.611455475979468,3.5773840737103497,13.117074936937948
BW Block D-Mess,Sisam,Dalbergia sissoo,3,32,10.1859,13.4054,9.0,630,6.13708664769897,0.2454834659079588,6.382570113606929,1.2765140227213858,7.659084136328314,3.599769544074307,13.199154994939125
Outer road,mango,Mangifera indica,4,32,10.1859,14.4051,8.0,520,5.220041173899071,0.20880164695596284,5.428842820855034,1.0857685641710069,6.514611385026041,3.061867350962239,11.22684695352821
BW Block E-Mess,Mulberry,Morus alba,3,32,10.1859,13.4054,5.0,550,3.028683549786031,0.12114734199144124,3.149830891777472,0.6299661783554944,3.7797970701329664,1.7765046229624941,6.5138502841958115
BW Hall office - Block H,Kadam,Neolamarckia cadamba,2,32,10.1859,12.1132,11.0,560,5.459679995410127,0.2183871998164051,5.678067195226532,1.1356134390453065,6.813680634271838,3.2024298981077637,11.742242959728467
Outer road,False Ashoka,Polyalthia longifolia,1,32,10.1859,10.1859,11.0,520,3.621165992225704,0.14484663968902817,3.766012631914732,0.7532025263829465,4.519215158297678,2.1240311243999086,7.788114122799665
Outer road,False Ashoka,Polyalthia longifolia,1,32,10.1859,10.1859,8.0,520,2.6537805068053113,0.10615122027221245,2.759931727077524,0.5519863454155048,3.311918072493029,1.5566014940717234,5.707538811596319
Outer road,False Ashoka,Polyalthia longifolia,2,32,10.1859,12.1132,9.0,520,4.17538345480229,0.1670153381920916,4.3423987929943815,0.8684797585988764,5.210878551593257,2.449112919248831,8.98008070391238
Outer road,False Ashoka,Polyalthia longifolia,2,32,10.1859,12.1132,15.0,520,6.874177557127974,0.274967102285119,7.149144659413094,1.4298289318826187,8.578973591295712,4.032117587908985,14.784431155666278
BW Block H - G,Jamun,Syzygium cumini,2,32,10.1859,12.1132,12.0,560,5.943589733520558,0.23774358934082235,6.181333322861381,1.2362666645722762,7.417599987433657,3.4862719940938183,12.782997311677333
Outer road,Neem,Azadirachta indica,1,34,10.8225,10.8225,8.0,690,3.9369062093315126,0.15747624837326052,4.094382457704773,0.8188764915409547,4.913258949245728,2.309231706145492,8.46718292253347
BW Block H - G,Neem,Azadirachta indica,2,34,10.8225,12.8702,10.0,690,6.865027387729687,0.2746010955091875,7.139628483238875,1.4279256966477751,8.567554179886649,4.0267504645467245,14.76475170333799
BW Block F - E,Neem,Azadirachta indica,4,34,10.8225,15.3054,12.0,690,11.503486746042793,0.4601394698417117,11.963626215884505,2.392725243176901,14.356351459061406,6.74748518575886,24.740779014449153
BW Block C-D,Amaltash,Cassia fistula,2,34,10.8225,12.8702,7.0,700,4.915378162627807,0.1966151265051123,5.111993289132919,1.022398657826584,6.134391946959504,2.8831642150709667,10.571602121926878
BW Block D-Mess,Sisam,Dalbergia sissoo,2,34,10.8225,12.8702,9.0,630,5.667905844223139,0.22671623376892555,5.894622077992064,1.1789244155984129,7.073546493590477,3.324566851987524,12.190078457287587
Outer road,False Ashoka,Polyalthia longifolia,1,34,10.8225,10.8225,14.0,520,5.157779300167489,0.20631117200669954,5.364090472174189,1.0728180944348378,6.436908566609026,3.025347026306242,11.09293909645622
Outer road,False Ashoka,Polyalthia longifolia,1,34,10.8225,10.8225,10.0,520,3.71399908190337,0.1485599632761348,3.862559045179505,0.7725118090359011,4.635070854215407,2.178483301481241,7.987772105431216
Outer road,False Ashoka,Polyalthia longifolia,1,34,10.8225,10.8225,8.0,520,2.987154044801543,0.11948616179206172,3.1066402065936045,0.621328041318721,3.7279682479123255,1.752145076518793,6.4245319472355735
Outer road,False Ashoka,Polyalthia longifolia,1,34,10.8225,10.8225,12.0,520,4.437339810743216,0.17749359242972865,4.614833403172945,0.922966680634589,5.537800083807534,2.602766039389541,9.54347547776165
Outer road,False Ashoka,Polyalthia longifolia,1,34,10.8225,10.8225,12.0,520,4.437339810743216,0.17749359242972865,4.614833403172945,0.922966680634589,5.537800083807534,2.602766039389541,9.54347547776165
Outer road,False Ashoka,Polyalthia longifolia,1,34,10.8225,10.8225,11.0,520,4.076064547477048,0.16304258189908194,4.23910712937613,0.847821425875226,5.086928555251356,2.3908564209681376,8.766473543549838
Mess front,Guava,Psidium guajava,5,34,10.8225,16.1835,12.0,670,12.463912584073443,0.4985565033629377,12.96246908743638,2.5924938174872763,15.554962904923656,7.310832565314118,26.80638607281843
BW Block D-Mess,Jamun,Syzygium cumini,2,34,10.8225,12.8702,12.0,560,6.690182610363705,0.2676073044145482,6.957789914778254,1.3915579829556508,8.349347897733905,3.924193511934935,14.38870954376143
BW Block H - G,Sagwan/Teek,Tectona grandis,1,34,10.8225,10.8225,10.0,550,3.922983790023345,0.1569193516009338,4.079903141624278,0.8159806283248557,4.895883769949134,2.301065371876093,8.437239696879008
Mess front,water caltrop,Trapa natans,1,34,10.8225,10.8225,8.0,570,3.26717362965888,0.1306869451863552,3.397860574845235,0.679572114969047,4.077432689814282,1.9163933642127124,7.026775668779945
Mess front,Neem,Azadirachta indica,2,35,11.1408,13.2488,9.0,690,6.554824679493394,0.26219298717973577,6.81701766667313,1.3634035333346262,8.180421200007757,3.8447979640036456,14.097592534680034
BW Block D-Mess,Neem,Azadirachta indica,3,35,11.1408,14.6622,9.0,690,7.989014064725222,0.3195605625890089,8.308574627314231,1.6617149254628463,9.970289552777077,4.686036089805226,17.182132329285828
BW Block B-C,Neem,Azadirachta indica,4,35,11.1408,15.7555,9.0,690,9.193060134189613,0.36772240536758455,9.560782539557199,1.9121565079114398,11.472939047468639,5.39228135231026,19.771698291804285
Outer road,False Ashoka,Polyalthia longifolia,1,35,11.1408,11.1408,14.0,520,5.458031778632694,0.21832127114530778,5.676353049778002,1.1352706099556005,6.811623659733602,3.2014631200747927,11.738698106940905
Outer road,False Ashoka,Polyalthia longifolia,2,35,11.1408,13.2488,11.0,520,6.049537908738751,0.24198151634955004,6.291519425088301,1.2583038850176602,7.54982331010596,3.548416955749801,13.010862171082604
Outer road,False Ashoka,Polyalthia longifolia,1,36,11.4592,11.4592,9.0,520,3.746659356195277,0.14986637424781107,3.8965257304430883,0.7793051460886177,4.675830876531706,2.197640511969902,8.058015210556306
Outer road,False Ashoka,Polyalthia longifolia,1,36,11.4592,11.4592,11.0,520,4.557249234118956,0.18228996936475825,4.739539203483714,0.9479078406967428,5.687447044180457,2.673100110764815,9.801367072804322
Outer road,False Ashoka,Polyalthia longifolia,1,36,11.4592,11.4592,9.0,520,3.746659356195277,0.14986637424781107,3.8965257304430883,0.7793051460886177,4.675830876531706,2.197640511969902,8.058015210556306
Outer road,False Ashoka,Polyalthia longifolia,1,36,11.4592,11.4592,8.0,520,3.3397914395868207,0.13359165758347283,3.4733830971702937,0.6946766194340588,4.168059716604352,1.9589880668040454,7.182956244948166
Outer road,False Ashoka,Polyalthia longifolia,1,37,11.7775,11.7775,11.0,520,4.807610386061152,0.19230441544244609,4.999914801503598,0.9999829603007196,5.999897761804318,2.8199519480480295,10.339823809509442
Outer road,False Ashoka,Polyalthia longifolia,1,37,11.7775,11.7775,8.0,520,3.5232692326821753,0.140930769307287,3.6642000019894625,0.7328400003978925,4.397040002387355,2.0666088011220567,7.577565604114207
BW Block E-Mess,Neem,Azadirachta indica,3,38,12.0958,15.9189,11.0,690,11.409466040319435,0.4563786416127774,11.865844681932213,2.3731689363864428,14.239013618318655,6.692336400609768,24.538566802235813
Outer road,False Ashoka,Polyalthia longifolia,1,38,12.0958,12.0958,8.0,520,3.7115292614468975,0.1484611704578759,3.8599904319047735,0.7719980863809548,4.631988518285729,2.1770346035942922,7.982460213179071
Outer road,False Ashoka,Polyalthia longifolia,1,38,12.0958,12.0958,10.0,520,4.6146318745965695,0.1845852749838628,4.799217149580432,0.9598434299160865,5.759060579496518,2.7067584723633633,9.924781065332331
Outer road,False Ashoka,Polyalthia longifolia,1,38,12.0958,12.0958,15.0,520,6.854915890496825,0.274196635619873,7.129112526116698,1.4258225052233398,8.554935031340037,4.020819464729817,14.743004704009328
BW Block E-Mess,Neem,Azadirachta indica,2,40,12.7324,15.1415,12.0,690,11.2642522506534,0.45057009002613596,11.714822340679536,2.342964468135907,14.057786808815443,6.607159800143258,24.226252600525278
Outer road,Sisham,Dalbergia sissoo,1,40,12.7324,12.7324,9.0,630,5.550051133936368,0.2220020453574547,5.772053179293822,1.1544106358587645,6.926463815152586,3.2554379931217152,11.936605974779622
BW Block H - G,Mango,Mangifera indica,2,40,12.7324,15.1415,9.0,520,6.454531302771915,0.2581812521108766,6.712712554882792,1.3425425109765585,8.05525506585935,3.7859698809538944,13.881889563497612
Outer road,mango,Mangifera indica,2,40,12.7324,15.1415,11.0,520,7.850969367555448,0.3140387747022179,8.165008142257665,1.6330016284515332,9.798009770709198,4.605064592233323,16.885236838188852
Outer road,Mulberry,Morus alba,3,40,12.7324,16.7568,4.0,550,3.765655628041194,0.15062622512164775,3.916281853162842,0.7832563706325684,4.69953822379541,2.208782965183843,8.098870872340758
Outer road,False Ashoka,Polyalthia longifolia,1,40,12.7324,12.7324,14.0,520,7.083373545085493,0.2833349418034197,7.366708486888913,1.4733416973777826,8.840050184266696,4.154823586605347,15.234353150886271
Outer road,False Ashoka,Polyalthia longifolia,1,40,12.7324,12.7324,8.0,520,4.102371719424922,0.1640948687769969,4.266466588201919,0.8532933176403837,5.119759905842303,2.4062871557458823,8.823052904401568
Outer road,False Ashoka,Polyalthia longifolia,1,40,12.7324,12.7324,11.0,520,5.597813730169148,0.22391254920676593,5.8217262793759135,1.1643452558751828,6.986071535251096,3.283453621568015,12.039329945749389
Outer road,False Ashoka,Polyalthia longifolia,1,40,12.7324,12.7324,13.0,520,6.589127240654655,0.2635650896261862,6.852692330280841,1.3705384660561684,8.22323079633701,3.864918474278394,14.171367739020779
Outer road,False Ashoka,Polyalthia longifolia,2,40,12.7324,15.1415,10.0,520,7.15358961653357,0.2861435846613428,7.439733201194913,1.4879466402389827,8.927679841433896,4.196009525473931,15.38536826007108
Outer road,Neem,Azadirachta indica,1,42,13.369,13.369,12.0,690,8.834007653582871,0.3533603061433149,9.187367959726187,1.8374735919452374,11.024841551671424,5.1816755292855685,18.999476940713752
BW Block B-C,Mango,Mangifera indica,4,42,13.369,18.9066,12.0,520,13.184529947047213,0.5273811978818885,13.711911144929102,2.7423822289858206,16.454293373914922,7.733517885740013,28.35623224771338
Outer road,False Ashoka,Polyalthia longifolia,1,43,13.6873,13.6873,11.0,520,6.446528502017612,0.2578611400807045,6.704389642098317,1.3408779284196635,8.04526757051798,3.7812757581434506,13.864677779859319
Outer road,False Ashoka,Polyalthia longifolia,1,43,13.6873,13.6873,15.0,520,8.72552797542327,0.34902111901693084,9.0745490944402,1.8149098188880401,10.889458913328241,5.118045689264273,18.766167527302333
Outer road,False Ashoka,Polyalthia longifolia,1,43,13.6873,13.6873,8.0,520,4.7243544515627605,0.18897417806251043,4.913328629625271,0.9826657259250542,5.895994355550325,2.7711173471086528,10.16076360606506
Outer road,False Ashoka,Polyalthia longifolia,1,43,13.6873,13.6873,8.0,520,4.7243544515627605,0.18897417806251043,4.913328629625271,0.9826657259250542,5.895994355550325,2.7711173471086528,10.16076360606506
Outer road,False Ashoka,Polyalthia longifolia,1,43,13.6873,13.6873,14.0,520,8.157322063564157,0.3262928825425663,8.483614946106723,1.6967229892213447,10.180337935328067,4.784758829604192,17.544115708548702
Outer road,False Ashoka,Polyalthia longifolia,1,44,14.0056,14.0056,15.0,520,9.125997625219934,0.3650399050087974,9.491037530228732,1.8982075060457466,11.38924503627448,5.352945167049005,19.627465612513017
Outer road,False Ashoka,Polyalthia longifolia,2,44,14.0056,16.6556,12.0,520,10.294396576685195,0.41177586306740777,10.706172439752603,2.1412344879505207,12.847406927703123,6.0382812560204675,22.14036460540838
BW Block E-Mess,Jamun,Syzygium cumini,2,44,14.0056,16.6556,12.0,560,11.06657281164687,0.4426629124658748,11.509235724112745,2.301847144822549,13.811082868935294,6.491208948399588,23.801099477465154
Outer road,Neem,Azadirachta indica,1,45,14.3239,14.3239,8.0,690,6.804233728617905,0.2721693491447162,7.076403077762621,1.4152806155525244,8.491683693315146,3.991091335858118,14.634001564813099
BW Block C-D,Taad,Borassus flabellifer,1,45,14.3239,14.3239,13.0,790,12.472095754904448,0.49888383019617794,12.970979585100626,2.594195917020125,15.56517550212075,7.315632485996752,26.82398578198809
Outer road,False Ashoka,Polyalthia longifolia,1,45,14.3239,14.3239,14.0,520,8.914293105531202,0.3565717242212481,9.270864829752451,1.8541729659504904,11.12503779570294,5.228767763980382,19.172148467928064
Outer road,False Ashoka,Polyalthia longifolia,1,45,14.3239,14.3239,15.0,520,9.535226544610678,0.38140906178442713,9.916635606395106,1.9833271212790213,11.899962727674128,5.59298248200684,20.507602434025078
Outer road,False Ashoka,Polyalthia longifolia,1,45,14.3239,14.3239,14.0,520,8.914293105531202,0.3565717242212481,9.270864829752451,1.8541729659504904,11.12503779570294,5.228767763980382,19.172148467928064
Outer road,False Ashoka,Polyalthia longifolia,1,45,14.3239,14.3239,15.0,520,9.535226544610678,0.38140906178442713,9.916635606395106,1.9833271212790213,11.899962727674128,5.59298248200684,20.507602434025078
Outer road,False Ashoka,Polyalthia longifolia,1,45,14.3239,14.3239,9.0,520,5.791707709219104,0.23166830836876415,6.023376017587868,1.2046752035175736,7.228051221105441,3.3971840739195573,12.45634160437171
Outer road,False Ashoka,Polyalthia longifolia,1,45,14.3239,14.3239,11.0,520,7.044743867209458,0.28178975468837836,7.326533621897837,1.4653067243795674,8.791840346277404,4.132164962750379,15.151271530084724
Outer road,False Ashoka,Polyalthia longifolia,1,45,14.3239,14.3239,15.0,520,9.535226544610678,0.38140906178442713,9.916635606395106,1.9833271212790213,11.899962727674128,5.59298248200684,20.507602434025078
BW Block B-C,Jamun,Syzygium cumini,2,45,14.3239,17.0341,12.0,560,11.562787344295481,0.46251149377181927,12.0252988380673,2.4050597676134604,14.43035860568076,6.782268544669957,24.868317997123174
Outer road,Jamun,Syzygium cumini,4,45,14.3239,20.2571,10.0,560,13.573298921261918,0.5429319568504767,14.116230878112395,2.8232461756224794,16.939477053734876,7.961554215255392,29.192365455936436
BW Block F - E,Neem,Azadirachta indica,4,46,14.6423,20.7073,10.0,690,17.370199277208886,0.6948079710883555,18.065007248297242,3.6130014496594485,21.67800869795669,10.188664088039644,37.358434989478695
Outer road,False Ashoka,Polyalthia longifolia,1,46,14.6423,14.6423,13.0,520,8.655903267424696,0.34623613069698783,9.002139398121685,1.800427879624337,10.802567277746022,5.07720662054063,18.61642427531564
Outer road,False Ashoka,Polyalthia longifolia,1,46,14.6423,14.6423,15.0,520,9.953337979420526,0.39813351917682105,10.351471498597347,2.0702942997194693,12.421765798316816,5.838229925208903,21.406843059099312
Outer road,False Ashoka,Polyalthia longifolia,1,46,14.6423,14.6423,11.0,520,7.3536497911963,0.29414599164785205,7.6477957828441525,1.5295591565688307,9.177354939412982,4.313356821524102,15.815641678921706
BW Block D-Mess,Neem,Azadirachta indica,2,47,14.9606,17.7912,10.0,690,12.91613003954531,0.5166452015818124,13.432775241127123,2.686555048225425,16.119330289352547,7.576085235995697,27.778979198650887
Outer road,Neem,Azadirachta indica,3,48,15.2789,20.1081,8.0,690,13.192523214420394,0.5277009285768157,13.72022414299721,2.744044828599442,16.464268971596653,7.738206416650426,28.373423527718227
Outer road,Sisham,Dalbergia sissoo,1,48,15.2789,15.2789,9.0,630,7.922456921333776,0.31689827685335104,8.239355198187127,1.6478710396374254,9.887226237824553,4.646996331777539,17.03898654985098
Outer road,False Ashoka,Polyalthia longifolia,1,48,15.2789,15.2789,14.0,520,10.11120806176315,0.40444832247052603,10.515656384233676,2.103131276846735,12.618787661080411,5.930830200707793,21.74637740259524
Outer road,False Ashoka,Polyalthia longifolia,1,48,15.2789,15.2789,14.0,520,10.11120806176315,0.40444832247052603,10.515656384233676,2.103131276846735,12.618787661080411,5.930830200707793,21.74637740259524
BW Block E-Mess,Jamun,Syzygium cumini,4,48,15.2789,21.6076,9.0,560,13.891182513577142,0.5556473005430858,14.446829814120228,2.889365962824046,17.336195776944272,8.148012015163808,29.876044055600627
Outer road,Neem,Azadirachta indica,2,50,15.9155,18.9268,9.0,690,13.150042203113323,0.526001688124533,13.676043891237855,2.7352087782475714,16.411252669485428,7.713288754658151,28.282058767079885
Outer road,False Ashoka,Polyalthia longifolia,1,50,15.9155,15.9155,15.0,520,11.712580708907886,0.46850322835631547,12.181083937264201,2.4362167874528406,14.617300724717042,6.870131340617009,25.190481582262365
Outer road,False Ashoka,Polyalthia longifolia,1,50,15.9155,15.9155,11.0,520,8.653400182181366,0.3461360072872547,8.999536189468621,1.7999072378937244,10.799443427362345,5.075738410860302,18.611040839821104
Outer road,False Ashoka,Polyalthia longifolia,1,53,16.8704,16.8704,9.0,520,7.971200964414579,0.31884803857658317,8.290049002991163,1.6580098005982327,9.948058803589396,4.675587637687015,17.143821338185724
Outer road,False Ashoka,Polyalthia longifolia,1,53,16.8704,16.8704,8.0,520,7.10556957897895,0.284222783159158,7.389792362138108,1.4779584724276216,8.86775083456573,4.1678428922458925,15.282090604901605
Outer road,False Ashoka,Polyalthia longifolia,1,54,17.1887,17.1887,13.0,520,11.836885250249155,0.47347541000996624,12.310360660259121,2.4620721320518246,14.772432792310946,6.943043412386144,25.45782584541586
Outer road,Dead neem,Azadirachta indica,1,55,17.507,17.507,8.0,680,9.924505818724509,0.39698023274898037,10.321486051473489,2.064297210294698,12.385783261768186,5.821318133031047,21.344833154447173
BW Block D-Mess,Neem,Azadirachta indica,6,55,17.507,27.4,11.0,690,32.93215388596647,1.3172861554386588,34.24944004140513,6.8498880082810265,41.09932804968616,19.316684183352493,70.8278420056258
Outer road,False Ashoka,Polyalthia longifolia,1,55,17.507,17.507,9.0,520,8.5688850559185,0.34275540223674,8.91164045815524,1.7823280916310482,10.693968549786288,5.026165218399555,18.429272467465033
Outer road,False Ashoka,Polyalthia longifolia,1,55,17.507,17.507,11.0,520,10.422763626419904,0.4169105450567962,10.8396741714767,2.16793483429534,13.00760900577204,6.113576232712858,22.41644618661381
BW Block E-Mess,Jamun,Syzygium cumini,4,55,17.507,24.7587,10.0,560,20.081831440587663,0.8032732576235065,20.88510469821117,4.177020939642234,25.062125637853402,11.779199049791098,43.19039651590069
Outer road,Coromandel Ailanto,Ailanthus excelsa,4,60,19.0986,27.0095,10.0,540,22.96950673247013,0.9187802692988052,23.888287001768933,4.777657400353787,28.66594440212272,13.472993868997676,49.40097751965814
BW Block B-C,Neem,Azadirachta indica,2,60,19.0986,22.7122,11.0,690,22.83226537062233,0.9132906148248933,23.745555985447226,4.749111197089445,28.49466718253667,13.392493575792233,49.10580977790485
BW Block A-B,Taad,Borassus flabellifer,1,60,19.0986,19.0986,16.0,790,26.78151869073042,1.0712607476292169,27.852779438359637,5.570555887671928,33.42333532603156,15.708967603234834,57.59954787852772
Outer road,False Ashoka,Polyalthia longifolia,1,60,19.0986,19.0986,8.0,520,9.05242941778741,0.3620971767114964,9.414526594498906,1.8829053188997813,11.297431913398686,5.3097929992973825,19.469240997423736
BW Block D-Mess,Neem,Azadirachta indica,2,62,19.7352,23.4693,8.0,690,17.838727460703744,0.7135490984281497,18.552276559131894,3.710455311826379,22.262731870958273,10.463483979350388,38.366107924284755
BW Block D-Mess,Jamun,Syzygium cumini,3,62,19.7352,25.973,10.0,560,22.049246265687437,0.8819698506274974,22.931216116314936,4.586243223262987,27.517459339577922,12.933205889601622,47.42175492853928
BW Block C-D,Dead Sisam,Dalbergia sissoo,3,65,20.6901,27.2298,9.0,630,24.474785768161514,0.9789914307264606,25.453777198887973,5.090755439777595,30.54453263866557,14.355930340172817,52.638411247300326
BW Block E-Mess,Mango,Mangifera indica,1,65,20.6901,20.6901,12.0,520,15.72113144537643,0.6288452578150573,16.349976703191487,3.2699953406382978,19.619972043829783,9.221386860599997,33.81175182219999
BW Block A-B,Sisham,Dalbergia sissoo,4,67,21.3268,30.1606,9.0,630,29.87988795826075,1.19519551833043,31.07508347659118,6.215016695318236,37.290100171909415,17.526347080797425,64.26327262959056
BW Block B-C,Taad,Borassus flabellifer,1,70,22.2817,22.2817,14.0,790,31.76253772483442,1.2705015089933769,33.0330392338278,6.60660784676556,39.63964708059336,18.63063412787888,68.3123251355559
BW Block B-C,Taad,Borassus flabellifer,1,70,22.2817,22.2817,15.0,790,33.974987051986965,1.3589994820794786,35.33398653406644,7.066797306813289,42.400783840879726,19.92836840521347,73.07068415244939
BW Block B-C,Dead Sisam,Dalbergia sissoo,2,80,25.4648,30.2829,9.0,630,30.11685211201117,1.2046740844804469,31.321526196491618,6.264305239298324,37.58583143578994,17.66534077482127,64.77291617434466
Outer road,Pipal,Ficus religiosa,1,80,25.4648,25.4648,14.0,440,23.28312370107058,0.9313249480428232,24.214448649113404,4.842889729822681,29.057338378936084,13.656949038099958,50.07547980636651
BW Block E-Mess,Kadam,Neolamarckia cadamba,1,80,25.4648,25.4648,12.0,560,25.346784996613497,1.01387139986454,26.36065639647804,5.272131279295608,31.632787675773645,14.867410207613613,54.51383742791658
Outer road,Jamun,Syzygium cumini,1,85,27.0563,27.0563,11.0,560,26.207993193432767,1.0483197277373106,27.25631292117008,5.451262584234016,32.707575505404094,15.372560487539923,56.366055120979716
BW Block E-Mess,Sagwan/Teek,Tectona grandis,2,86,27.3747,32.5541,12.0,550,40.22501905270983,1.6090007621083933,41.83401981481823,8.366803962963646,50.20082377778187,23.59438717555748,86.51275297704409
Outer road,Taad,Borassus flabellifer,1,110,35.0141,35.0141,12.0,790,66.03014858023248,2.6412059432092994,68.67135452344178,13.734270904688357,82.40562542813014,38.73064395122116,142.0123611544776
Outer road,pipal,Ficus religiosa,6,110,35.0141,54.8,16.0,440,118.39834444100664,4.735933777640266,123.13427821864691,24.626855643729385,147.7611338623763,69.44773291531686,254.6416873561618
Outer road,pipal,Ficus religiosa,6,150,47.7465,74.7273,12.0,440,163.80884509747887,6.5523538038991544,170.36119890137803,34.07223978027561,204.43343868165363,96.0837161803772,352.3069593280497
